date,Alabama,Alaska,Arizona,Arkansas,California,Colorado,Connecticut,Delaware,District of Columbia,Florida,Georgia,Hawaii,Idaho,Illinois,Indiana,Iowa,Kansas,Kentucky,Louisiana,Maine,Maryland,Massachusetts,Michigan,Minnesota,Mississippi,Missouri,Montana,Nebraska,Nevada,New Hampshire,New Jersey,New Mexico,New York,North Carolina,North Dakota,Ohio,Oklahoma,Oregon,Pennsylvania,Rhode Island,South Carolina,South Dakota,Tennessee,Texas,Utah,Vermont,Virginia,Washington,West Virginia,Wisconsin,Wyoming
2020-02-15,5.155172413793103,6.375,5.066666666666666,1.3114754098360655,6.339285714285714,3.066666666666667,4.444444444444445,8.0,-2.0,7.5625,6.395161290322581,0.8,4.666666666666667,6.329411764705882,9.523255813953488,5.906666666666666,5.369565217391305,10.172413793103448,6.660714285714286,1.7058823529411764,5.28,4.6,8.773333333333333,8.0,6.229508196721311,5.616279069767442,2.3333333333333335,9.323529411764707,5.75,6.818181818181818,5.636363636363637,5.7407407407407405,9.096774193548388,6.0212765957446805,6.875,5.348837209302325,3.610169491525424,3.6451612903225805,6.246153846153846,3.3333333333333335,4.5227272727272725,6.894736842105263,8.74390243902439,4.876344086021505,9.173913043478262,12.0,7.033898305084746,5.676470588235294,5.282051282051282,12.728571428571428,2.35
2020-02-16,-1.4545454545454546,10.0,10.733333333333333,4.827586206896552,14.071428571428571,6.7272727272727275,4.888888888888889,8.25,6.0,4.809523809523809,-1.575,4.6,11.0,9.876543209876543,10.070588235294117,6.316666666666666,12.902439024390244,4.166666666666667,3.7222222222222223,18.470588235294116,8.24,7.384615384615385,15.128571428571428,11.19047619047619,3.0,12.354430379746836,7.705882352941177,10.321428571428571,7.6,13.909090909090908,6.181818181818182,12.222222222222221,12.338709677419354,3.9,6.071428571428571,7.576470588235294,5.0181818181818185,17.482758620689655,9.825396825396826,9.833333333333334,2.357142857142857,10.3125,5.69620253164557,9.10919540229885,14.055555555555555,23.923076923076923,5.916666666666667,20.647058823529413,7.891891891891892,12.636363636363637,2.2666666666666666
2020-02-17,-1.1694915254237288,0.0,5.75,-2.4838709677419355,11.571428571428571,7.209302325581396,11.666666666666666,11.75,-10.0,4.859375,4.120967741935484,3.6,6.233333333333333,-0.48148148148148145,2.5294117647058822,-7.394366197183099,4.711111111111111,2.4302325581395348,-1.4464285714285714,13.647058823529411,9.64,12.4,2.466666666666667,-1.4857142857142858,-1.1724137931034482,1.7926829268292683,-0.043478260869565216,2.787878787878788,6.090909090909091,22.09090909090909,15.727272727272727,5.444444444444445,10.951612903225806,6.585106382978723,3.2666666666666666,4.813953488372093,0.4,11.2,8.609375,14.166666666666666,4.068181818181818,-3.8947368421052633,2.8658536585365852,4.342391304347826,20.789473684210527,21.384615384615383,6.327433628318584,13.235294117647058,5.564102564102564,-4.7727272727272725,1.5263157894736843
2020-02-18,-4.280701754385965,-2.125,2.7333333333333334,-4.306451612903226,2.6964285714285716,-0.5714285714285714,-0.4444444444444444,5.0,-5.0,3.046875,-2.336,1.6,1.6451612903225807,0.4939759036144578,2.164705882352941,-4.135135135135135,2.8666666666666667,-1.6704545454545454,1.1428571428571428,-7.588235294117647,3.2,-2.466666666666667,-6.276315789473684,-3.3424657534246576,-3.9152542372881354,0.6190476190476191,-2.652173913043478,3.46875,5.7272727272727275,-12.0,1.6818181818181819,4.37037037037037,-3.1774193548387095,1.5263157894736843,-2.25,2.2413793103448274,0.4166666666666667,5.1,0.5,1.3333333333333333,-0.5454545454545454,-6.052631578947368,-2.2261904761904763,0.8852459016393442,3.5,-2.6923076923076925,2.7876106194690267,5.882352941176471,3.1842105263157894,-0.9411764705882353,1.25
2020-02-19,1.4385964912280702,-4.625,4.25,2.6507936507936507,2.9464285714285716,-1.9772727272727273,2.111111111111111,2.25,-2.0,3.25,3.128,0.4,2.3125,2.4216867469879517,4.576470588235294,-4.733333333333333,4.574468085106383,2.5168539325842696,-0.5357142857142857,5.235294117647059,2.32,3.066666666666667,2.28,0.0410958904109589,-1.2666666666666666,7.975903614457831,1.76,-10.515151515151516,3.0,8.181818181818182,2.090909090909091,2.185185185185185,4.870967741935484,2.4,1.25,3.9885057471264367,5.775862068965517,5.387096774193548,2.59375,4.5,-0.20454545454545456,-4.0,2.9518072289156625,-1.3241758241758241,5.391304347826087,8.23076923076923,3.3333333333333335,5.617647058823529,4.0256410256410255,0.6956521739130435,0.05
2020-02-20,-7.568965517241379,0.5,7.0,1.126984126984127,4.446428571428571,3.466666666666667,2.7777777777777777,3.25,1.0,2.984375,-6.584,3.8,8.53125,1.4534883720930232,4.105882352941176,-3.2337662337662336,-3.6346153846153846,0.19101123595505617,-0.9107142857142857,8.647058823529411,0.92,4.666666666666667,3.973684210526316,0.3835616438356164,-7.360655737704918,1.2261904761904763,7.434782608695652,1.1470588235294117,4.7272727272727275,10.727272727272727,1.4090909090909092,1.8888888888888888,5.403225806451613,-10.610526315789473,3.75,2.6436781609195403,2.305084745762712,7.741935483870968,2.203125,4.666666666666667,-7.386363636363637,-0.631578947368421,-6.22093023255814,-0.824468085106383,6.958333333333333,12.23076923076923,-1.4482758620689655,6.882352941176471,1.641025641025641,3.2142857142857144,4.4
2020-02-21,0.5238095238095238,-0.25,2.1333333333333333,2.421875,2.875,3.8444444444444446,1.5555555555555556,1.5,-3.0,1.0461538461538462,2.15625,1.6,3.0,4.885057471264368,4.8023255813953485,8.923076923076923,7.365384615384615,2.681318681318681,4.0,1.1176470588235294,0.52,2.1333333333333333,2.580246913580247,6.04054054054054,0.532258064516129,10.023255813953488,5.884615384615385,6.205882352941177,4.0,3.1818181818181817,0.2727272727272727,1.7142857142857142,1.8064516129032258,-12.463157894736842,0.3333333333333333,3.215909090909091,3.7540983606557377,6.151515151515151,0.7846153846153846,3.6666666666666665,1.1363636363636365,4.909090909090909,1.1511627906976745,2.256544502617801,7.666666666666667,4.230769230769231,-3.0901639344262297,4.882352941176471,1.975,6.056338028169014,3.7
2020-02-22,4.913793103448276,6.125,-6.133333333333334,3.081967213114754,4.928571428571429,3.533333333333333,10.0,8.25,0.0,4.234375,4.701612903225806,1.8,6.4,15.4,15.081395348837209,12.346666666666666,5.565217391304348,11.623529411764705,8.321428571428571,4.0588235294117645,6.4,6.733333333333333,14.480519480519481,8.902777777777779,3.283333333333333,8.964285714285714,9.75,11.794117647058824,5.916666666666667,8.0,9.954545454545455,0.21428571428571427,11.85483870967742,2.642105263157895,17.125,11.13953488372093,5.0,10.935483870967742,8.846153846153847,10.166666666666666,3.7954545454545454,9.210526315789474,10.585365853658537,5.333333333333333,7.25,11.461538461538462,8.760683760683762,8.029411764705882,7.921052631578948,14.642857142857142,5.8
2020-02-23,3.1454545454545455,7.125,3.533333333333333,-0.6206896551724138,8.75,-3.522727272727273,10.11111111111111,6.75,3.0,7.903225806451613,4.610169491525424,2.6,12.181818181818182,15.1625,12.506024096385541,12.216666666666667,10.0,6.5064935064935066,12.320754716981131,18.11764705882353,8.16,8.214285714285714,16.458333333333332,15.01639344262295,2.581818181818182,10.50632911392405,10.11111111111111,7.9655172413793105,9.2,9.636363636363637,7.590909090909091,1.2222222222222223,14.725806451612904,4.438202247191011,12.714285714285714,11.08433734939759,0.01818181818181818,11.413793103448276,14.222222222222221,15.166666666666666,5.4523809523809526,12.176470588235293,5.3625,4.764367816091954,13.647058823529411,15.846153846153847,8.055555555555555,11.0,10.243243243243244,16.171875,9.2
2020-02-24,-3.6842105263157894,0.625,3.533333333333333,2.5245901639344264,2.7142857142857144,0.9767441860465116,4.222222222222222,2.25,-2.0,3.5873015873015874,-1.7804878048780488,1.6,3.1724137931034484,1.8395061728395061,1.0705882352941176,-1.6111111111111112,-0.41304347826086957,-1.3837209302325582,8.055555555555555,7.411764705882353,1.28,5.066666666666666,2.7162162162162162,4.132352941176471,-2.2542372881355934,-1.5731707317073171,-0.7272727272727273,2.3333333333333335,5.2727272727272725,7.363636363636363,2.0,3.185185185185185,6.338709677419355,0.18085106382978725,-0.26666666666666666,2.186046511627907,1.4666666666666666,6.733333333333333,3.453125,7.166666666666667,-1.1363636363636365,-5.777777777777778,-2.7951807228915664,3.843243243243243,5.375,8.461538461538462,1.8859649122807018,3.3823529411764706,5.368421052631579,3.343283582089552,-2.6842105263157894
2020-02-25,8.403508771929825,2.25,4.2,5.174603174603175,3.982142857142857,-2.5681818181818183,1.5555555555555556,2.25,3.0,2.890625,5.496,2.0,5.354838709677419,1.036144578313253,4.270588235294118,-3.68,-1.2340425531914894,8.80232558139535,10.035714285714286,4.647058823529412,2.36,0.6,3.9594594594594597,3.295774647887324,9.275862068965518,1.2891566265060241,2.782608695652174,-5.34375,6.2727272727272725,6.7272727272727275,-0.22727272727272727,3.5185185185185186,3.903225806451613,6.347368421052631,0.9375,5.735632183908046,6.295081967213115,10.172413793103448,4.75,5.166666666666667,6.068181818181818,-14.95,7.5476190476190474,8.082417582417582,6.434782608695652,6.3076923076923075,6.807017543859649,5.617647058823529,9.18421052631579,2.3823529411764706,-0.15
2020-02-26,18.63157894736842,8.25,9.4375,18.416666666666668,6.839285714285714,8.651162790697674,5.222222222222222,7.5,3.0,7.4375,14.56910569105691,2.6,11.32258064516129,3.8674698795180724,0.37209302325581395,7.136986301369863,14.847826086956522,15.720930232558139,18.618181818181817,13.588235294117647,4.8,2.7333333333333334,0.8648648648648649,5.958904109589041,22.964285714285715,15.927710843373495,10.652173913043478,9.151515151515152,11.181818181818182,10.0,4.318181818181818,14.074074074074074,8.82258064516129,12.51578947368421,6.2,7.011494252873563,19.403508771929825,13.903225806451612,9.78125,7.5,13.477272727272727,4.888888888888889,12.397590361445783,13.762430939226519,11.26086956521739,8.307692307692308,11.663716814159292,11.235294117647058,14.564102564102564,3.4347826086956523,6.55
2020-02-27,16.649122807017545,8.0,11.2,18.114754098360656,7.767857142857143,10.977777777777778,3.5555555555555554,6.75,5.0,13.0,16.447154471544714,3.2,11.1875,10.352941176470589,6.870588235294117,4.986486486486487,10.875,13.988505747126437,16.70909090909091,-13.705882352941176,3.4,0.9333333333333333,2.4078947368421053,3.780821917808219,20.087719298245613,14.240963855421686,14.652173913043478,5.6571428571428575,10.0,-0.09090909090909091,2.909090909090909,12.62962962962963,-5.129032258064516,12.663157894736843,3.6470588235294117,2.632183908045977,17.949152542372882,13.933333333333334,2.753846153846154,7.0,16.204545454545453,4.157894736842105,13.988235294117647,15.349726775956285,12.958333333333334,-2.923076923076923,10.367521367521368,10.617647058823529,3.769230769230769,5.542857142857143,11.052631578947368
2020-02-28,14.225806451612904,11.0,7.333333333333333,18.26984126984127,6.428571428571429,8.804347826086957,3.111111111111111,7.25,3.0,9.153846153846153,13.1171875,3.6,9.40625,10.581395348837209,7.534883720930233,10.897435897435898,17.470588235294116,15.544444444444444,13.224137931034482,8.529411764705882,3.84,3.466666666666667,1.1728395061728396,7.648648648648648,18.725806451612904,20.88095238095238,9.851851851851851,13.411764705882353,6.818181818181818,4.7272727272727275,2.5454545454545454,12.555555555555555,0.4838709677419355,11.757894736842106,8.75,6.840909090909091,18.666666666666668,10.727272727272727,4.7384615384615385,6.666666666666667,15.159090909090908,11.95,10.755813953488373,13.69109947643979,13.08695652173913,4.0,9.933333333333334,10.205882352941176,9.75,5.732394366197183,11.7
2020-02-29,19.689655172413794,11.5,6.466666666666667,17.737704918032787,7.857142857142857,9.533333333333333,8.333333333333334,12.0,-6.0,10.625,15.846774193548388,0.6,6.612903225806452,21.058823529411764,20.32941176470588,13.253333333333334,13.608695652173912,20.964285714285715,17.10909090909091,9.764705882352942,7.48,7.133333333333334,17.98701298701299,12.928571428571429,23.20689655172414,19.36904761904762,11.166666666666666,13.911764705882353,9.916666666666666,7.2727272727272725,8.772727272727273,12.37037037037037,10.5,13.02127659574468,16.733333333333334,14.151162790697674,18.491525423728813,11.258064516129032,8.615384615384615,10.166666666666666,17.431818181818183,14.68421052631579,19.275,15.32972972972973,16.416666666666668,8.307692307692308,11.44915254237288,10.794117647058824,10.31578947368421,15.314285714285715,10.85
2020-03-01,22.574074074074073,13.75,14.066666666666666,19.844827586206897,10.4,9.454545454545455,9.0,12.75,2.0,14.311475409836065,19.70940170940171,2.6,22.652173913043477,26.6375,22.96385542168675,20.1,27.390243902439025,26.04,21.754716981132077,23.176470588235293,11.04,9.785714285714286,21.95774647887324,17.5,26.69090909090909,25.833333333333332,19.88235294117647,15.535714285714286,-1.1666666666666667,12.545454545454545,8.636363636363637,19.48148148148148,19.14516129032258,17.363636363636363,10.461538461538462,20.879518072289155,24.054545454545455,23.862068965517242,19.73015873015873,12.333333333333334,20.8,16.705882352941178,22.0126582278481,19.311764705882354,12.470588235294118,17.692307692307693,16.439252336448597,23.78787878787879,23.916666666666668,18.138461538461538,0.6
2020-03-02,10.035087719298245,8.25,6.6875,15.311475409836065,8.0,6.5813953488372094,6.0,9.75,0.0,9.265625,11.227642276422765,0.6,8.9,11.08641975308642,11.294117647058824,4.242857142857143,9.238095238095237,13.892857142857142,14.648148148148149,7.882352941176471,6.44,7.933333333333334,11.698630136986301,6.358208955223881,16.839285714285715,11.987804878048781,8.181818181818182,8.242424242424242,9.090909090909092,8.0,6.7727272727272725,13.074074074074074,10.03225806451613,14.26595744680851,7.928571428571429,9.511627906976743,14.275862068965518,11.206896551724139,9.6875,9.166666666666666,14.909090909090908,6.5,9.268292682926829,11.804347826086957,12.272727272727273,9.76923076923077,11.3125,7.588235294117647,14.710526315789474,5.582089552238806,5.157894736842105
2020-03-03,26.517857142857142,14.375,10.266666666666667,25.704918032786885,12.053571428571429,11.837209302325581,6.333333333333333,12.25,8.0,11.828125,14.951612903225806,1.6,10.451612903225806,14.46987951807229,18.16470588235294,7.205479452054795,18.59090909090909,25.523809523809526,19.036363636363635,20.294117647058822,10.6,11.666666666666666,12.786666666666667,10.6,26.410714285714285,19.46987951807229,11.565217391304348,9.9375,11.727272727272727,10.909090909090908,5.7272727272727275,18.74074074074074,10.758064516129032,19.610526315789475,9.625,15.275862068965518,23.344827586206897,14.344827586206897,11.609375,9.833333333333334,13.977272727272727,9.333333333333334,22.308641975308642,17.716666666666665,14.130434782608695,17.0,19.40909090909091,9.647058823529411,21.45945945945946,7.367647058823529,10.368421052631579
2020-03-04,7.421052631578948,8.875,11.625,15.491803278688524,7.267857142857143,8.883720930232558,6.888888888888889,11.25,14.0,8.921875,6.346774193548387,0.2,12.033333333333333,14.674698795180722,15.352941176470589,11.14864864864865,17.88888888888889,20.071428571428573,6.036363636363636,8.058823529411764,8.92,5.866666666666666,11.391891891891891,9.19718309859155,11.842105263157896,21.463414634146343,9.956521739130435,10.969696969696969,10.090909090909092,6.181818181818182,8.454545454545455,14.333333333333334,8.483870967741936,12.736842105263158,8.666666666666666,13.264367816091953,17.196428571428573,14.4,10.59375,9.0,8.795454545454545,8.222222222222221,15.865853658536585,7.9010989010989015,13.826086956521738,5.538461538461538,12.955752212389381,10.147058823529411,17.157894736842106,8.0,8.2
2020-03-05,10.105263157894736,9.25,10.533333333333333,18.65573770491803,7.928571428571429,10.355555555555556,7.555555555555555,10.25,8.0,8.21875,4.912698412698413,2.2,12.0,11.117647058823529,15.141176470588235,1.894736842105263,11.583333333333334,16.816091954022987,15.285714285714286,11.176470588235293,7.96,7.866666666666666,9.155844155844155,2.4444444444444446,17.87719298245614,15.289156626506024,13.695652173913043,5.6,11.545454545454545,8.636363636363637,8.227272727272727,13.703703703703704,11.387096774193548,8.6,10.866666666666667,13.574712643678161,17.322033898305083,11.8,12.015625,9.0,2.5681818181818183,7.666666666666667,14.547619047619047,14.956043956043956,17.0,10.0,11.224137931034482,7.205882352941177,14.794871794871796,2.442857142857143,11.052631578947368
2020-03-06,9.147540983606557,7.625,6.75,12.523809523809524,3.4464285714285716,7.1521739130434785,2.0,1.5,2.0,6.8307692307692305,10.24031007751938,1.0,5.9393939393939394,10.616279069767442,5.709302325581396,15.144736842105264,15.36,7.833333333333333,9.206896551724139,5.705882352941177,0.84,1.7333333333333334,0.5185185185185185,10.493150684931507,11.919354838709678,18.91764705882353,10.76,12.088235294117647,5.636363636363637,1.6363636363636365,-1.7272727272727273,8.392857142857142,1.8870967741935485,6.08421052631579,10.4375,3.8295454545454546,11.344262295081966,6.0,2.2153846153846155,3.8333333333333335,9.75,11.19047619047619,8.604651162790697,11.052910052910052,14.166666666666666,3.3076923076923075,4.404958677685951,5.176470588235294,2.1707317073170733,6.267605633802817,9.65
2020-03-07,14.431034482758621,16.25,7.466666666666667,13.950819672131148,2.4642857142857144,10.909090909090908,10.0,12.5,1.0,8.6875,13.233870967741936,0.8,7.612903225806452,22.08235294117647,24.188235294117646,16.093333333333334,14.434782608695652,20.94047619047619,13.89090909090909,9.0,8.08,4.733333333333333,18.666666666666668,12.591549295774648,15.551724137931034,18.13095238095238,15.208333333333334,11.705882352941176,4.416666666666667,9.181818181818182,11.363636363636363,11.62962962962963,15.241935483870968,11.819148936170214,13.933333333333334,16.302325581395348,13.694915254237289,5.96875,12.046153846153846,5.666666666666667,11.386363636363637,14.947368421052632,17.525,13.201086956521738,17.47826086956522,12.0,11.991525423728813,6.428571428571429,12.025641025641026,15.042857142857143,10.25
2020-03-08,14.944444444444445,8.5,13.133333333333333,18.844827586206897,5.357142857142857,11.790697674418604,9.444444444444445,10.75,11.0,10.516129032258064,14.222222222222221,1.0,17.476190476190474,23.575,22.17283950617284,19.050847457627118,19.829268292682926,20.5,18.90566037735849,22.294117647058822,11.2,9.5,22.281690140845072,18.540983606557376,18.509090909090908,24.384615384615383,12.555555555555555,14.5,7.7,11.363636363636363,9.727272727272727,11.666666666666666,19.241935483870968,14.136363636363637,8.0,21.265060240963855,12.0,15.655172413793103,20.26984126984127,11.333333333333334,14.904761904761905,13.0,19.11392405063291,15.31578947368421,18.444444444444443,16.076923076923077,14.398148148148149,16.03030303030303,20.47222222222222,19.16923076923077,9.666666666666666
2020-03-09,11.75438596491228,3.875,11.6,5.524590163934426,3.8392857142857144,9.883720930232558,9.444444444444445,10.25,6.0,7.78125,12.195121951219512,-1.2,7.566666666666666,3.493827160493827,10.31764705882353,-2.1527777777777777,3.5217391304347827,13.012048192771084,8.703703703703704,8.882352941176471,7.96,11.4,6.12,5.161764705882353,12.25,3.9146341463414633,5.863636363636363,2.8181818181818183,6.363636363636363,10.0,9.954545454545455,14.925925925925926,12.564516129032258,12.606382978723405,4.6,12.453488372093023,9.40677966101695,9.4,12.0625,14.166666666666666,11.204545454545455,4.833333333333333,10.548780487804878,11.03825136612022,12.909090909090908,10.153846153846153,10.752212389380531,6.5588235294117645,16.605263157894736,1.338235294117647,7.052631578947368
2020-03-10,10.491228070175438,11.25,7.466666666666667,14.508196721311476,3.0892857142857144,10.476190476190476,5.111111111111111,9.5,5.0,8.4375,10.137096774193548,-0.8,11.451612903225806,8.734939759036145,9.023529411764706,4.397260273972603,11.55813953488372,9.632183908045977,11.10909090909091,5.882352941176471,6.56,5.933333333333334,12.81081081081081,6.083333333333333,15.614035087719298,13.63855421686747,9.318181818181818,4.9375,7.090909090909091,7.363636363636363,6.409090909090909,15.481481481481481,4.193548387096774,10.263157894736842,6.5625,8.724137931034482,14.932203389830509,10.96551724137931,8.25,8.833333333333334,10.318181818181818,6.944444444444445,9.53012048192771,15.815642458100559,13.727272727272727,2.6153846153846154,10.666666666666666,5.676470588235294,10.894736842105264,6.75,8.75
2020-03-11,10.666666666666666,11.875,7.9375,13.295081967213115,4.107142857142857,8.906976744186046,6.666666666666667,6.75,0.0,8.84375,11.983739837398375,-1.8,8.666666666666666,10.867469879518072,10.105882352941176,11.58108108108108,18.57777777777778,13.430232558139535,14.963636363636363,9.764705882352942,6.2,7.066666666666666,6.866666666666666,8.458333333333334,14.375,19.804878048780488,7.875,10.666666666666666,7.545454545454546,6.363636363636363,7.5,15.074074074074074,6.661290322580645,10.968421052631578,6.4,10.39080459770115,18.473684210526315,11.96774193548387,9.40625,7.333333333333333,11.0,6.666666666666667,10.313253012048193,19.217877094972067,16.363636363636363,4.769230769230769,11.008849557522124,6.735294117647059,10.525,6.3478260869565215,6.25
2020-03-12,14.210526315789474,15.75,7.5625,16.950819672131146,4.071428571428571,10.022222222222222,7.888888888888889,9.75,-4.0,10.625,14.252032520325203,-0.8,12.548387096774194,9.174418604651162,10.152941176470588,5.986486486486487,12.44,6.1477272727272725,14.654545454545454,12.588235294117647,11.48,5.866666666666666,8.454545454545455,5.986301369863014,15.10344827586207,12.602409638554217,8.666666666666666,9.0,7.7272727272727275,7.7272727272727275,6.5,15.407407407407407,9.67741935483871,12.442105263157895,9.066666666666666,13.873563218390805,20.74576271186441,9.5,11.076923076923077,8.666666666666666,11.886363636363637,4.388888888888889,9.035294117647059,19.03314917127072,18.434782608695652,6.076923076923077,11.689655172413794,5.117647058823529,14.487179487179487,5.414285714285715,5.894736842105263
2020-03-13,8.095238095238095,6.375,2.125,5.809523809523809,0.4642857142857143,-4.717391304347826,-0.8888888888888888,7.25,-12.0,7.2153846153846155,8.550387596899224,-3.2,5.96969696969697,12.068965517241379,9.174418604651162,13.564102564102564,7.846153846153846,8.11111111111111,9.724137931034482,-6.294117647058823,4.72,-3.6666666666666665,-2.7560975609756095,7.445945945945946,5.919354838709677,16.942528735632184,-4.178571428571429,3.323529411764706,4.636363636363637,-1.5454545454545454,2.090909090909091,3.3333333333333335,1.3387096774193548,7.3578947368421055,3.125,4.534090909090909,5.868852459016393,1.0,6.092307692307692,1.1666666666666667,9.318181818181818,3.35,6.8023255813953485,7.785340314136126,10.333333333333334,-3.3076923076923075,7.892561983471074,-0.9117647058823529,11.25,3.788732394366197,-0.5
2020-03-14,7.0344827586206895,6.5,0.06666666666666667,-2.80327868852459,-10.196428571428571,-7.369565217391305,-5.111111111111111,1.5,-28.0,3.640625,6.483870967741935,-7.2,-1.6774193548387097,1.4482758620689655,-2.2093023255813953,-2.776315789473684,-4.369565217391305,-0.6590909090909091,3.1964285714285716,0.7647058823529411,-2.52,-7.6,-2.962025316455696,3.507042253521127,6.05,1.8837209302325582,-18.88,-15.833333333333334,-2.3333333333333335,-1.4545454545454546,-2.090909090909091,1.4444444444444444,1.7419354838709677,6.117021276595745,0.4666666666666667,-5.1395348837209305,-0.6949152542372882,-9.612903225806452,-0.24615384615384617,-3.3333333333333335,7.568181818181818,-21.7,5.583333333333333,5.248648648648649,4.44,-4.769230769230769,2.330508474576271,-12.142857142857142,2.230769230769231,2.3857142857142857,-8.15
2020-03-15,-1.690909090909091,8.25,6.133333333333334,2.1186440677966103,-13.857142857142858,-9.340909090909092,-10.88888888888889,-5.25,-35.0,2.225806451612903,-0.08403361344537816,-8.0,3.3636363636363638,5.407407407407407,-0.34523809523809523,3.566666666666667,2.4390243902439024,-1.825,3.660377358490566,7.117647058823529,-8.64,-12.928571428571429,0.75,5.5,4.6,8.253164556962025,-15.263157894736842,-6.7,-4.2727272727272725,-2.6363636363636362,-10.181818181818182,0.2962962962962963,-0.25806451612903225,-1.1318681318681318,-5.285714285714286,-1.8313253012048192,3.018181818181818,-3.103448275862069,1.0634920634920635,-9.833333333333334,8.119047619047619,-7.588235294117647,-1.65,3.9714285714285715,13.11111111111111,-5.538461538461538,-6.779816513761468,-2.588235294117647,-0.02702702702702703,0.7611940298507462,-6.375
2020-03-16,1.719298245614035,3.375,1.8125,-3.7419354838709675,-9.678571428571429,-3.5348837209302326,-4.444444444444445,1.75,-31.0,0.9206349206349206,-0.43548387096774194,-9.8,6.833333333333333,-0.5061728395061729,-0.6941176470588235,-0.352112676056338,-0.4782608695652174,-2.4,3.1818181818181817,-3.6470588235294117,-1.92,-8.333333333333334,-11.162162162162161,0.8382352941176471,5.053571428571429,4.048780487804878,-7.136363636363637,1.6666666666666667,0.0,1.0,-5.818181818181818,1.8888888888888888,-0.04838709677419355,2.202127659574468,-6.6,-10.873563218390805,5.083333333333333,1.5,4.296875,-6.333333333333333,2.840909090909091,-8.0,1.2530120481927711,3.189189189189189,5.809523809523809,-7.0,-3.008771929824561,-7.088235294117647,3.3846153846153846,-3.1791044776119404,-0.3684210526315789
2020-03-17,-5.894736842105263,-6.875,-5.6875,-7.548387096774194,-19.964285714285715,-22.181818181818183,-26.333333333333332,-15.5,-40.0,-5.140625,-7.782258064516129,-17.2,-1.3548387096774193,-22.30952380952381,-18.435294117647057,-20.90909090909091,-3.74468085106383,-15.113636363636363,-11.12280701754386,-22.764705882352942,-18.16,-31.8,-27.026315789473685,-12.506849315068493,-0.42105263157894735,-1.2048192771084338,-18.217391304347824,-12.147058823529411,-7.545454545454546,-20.545454545454547,-25.227272727272727,-4.666666666666667,-22.919354838709676,-9.16842105263158,-9.4375,-20.885057471264368,-2.9672131147540983,-18.3125,-23.765625,-30.833333333333332,-6.340909090909091,-6.777777777777778,-6.761904761904762,-1.9398907103825136,-2.727272727272727,-24.307692307692307,-7.655172413793103,-23.714285714285715,-0.9473684210526315,-11.823529411764707,-7.3
2020-03-18,-9.10344827586207,-14.0,-20.875,-6.442622950819672,-24.107142857142858,-27.155555555555555,-25.22222222222222,-21.25,-45.0,-11.484375,-10.392,-22.0,-10.0,-30.714285714285715,-25.41176470588235,-33.717948717948715,-7.551020408163265,-16.7,-13.192982456140351,-23.294117647058822,-21.72,-29.666666666666668,-31.714285714285715,-34.97260273972603,-2.625,-3.2738095238095237,-28.24,-16.857142857142858,-20.181818181818183,-20.818181818181817,-28.59090909090909,-11.148148148148149,-25.5,-17.936842105263157,-17.8125,-25.06896551724138,-3.3275862068965516,-20.40625,-28.338461538461537,-27.666666666666668,-15.522727272727273,-14.88888888888889,-8.51764705882353,-4.366120218579235,-15.782608695652174,-31.384615384615383,-16.50862068965517,-23.147058823529413,-15.025,-33.17142857142857,-14.2
2020-03-19,-14.169491525423728,-26.444444444444443,-23.4375,-12.225806451612904,-26.285714285714285,-43.404761904761905,-31.88888888888889,-24.5,-46.0,-16.0,-12.912,-25.0,-9.40625,-33.09090909090909,-25.93103448275862,-39.94805194805195,-16.274509803921568,-22.955555555555556,-16.596491228070175,-32.470588235294116,-22.6,-39.733333333333334,-31.736842105263158,-41.71232876712329,-9.383333333333333,-14.702380952380953,-29.44,-32.583333333333336,-30.0,-31.09090909090909,-33.90909090909091,-21.464285714285715,-29.838709677419356,-19.410526315789475,-25.75,-27.701149425287355,-12.39344262295082,-22.46875,-28.923076923076923,-36.333333333333336,-18.755555555555556,-28.45,-9.604651162790697,-11.112903225806452,-24.625,-36.76923076923077,-18.18487394957983,-26.529411764705884,-19.153846153846153,-39.4,-28.7
2020-03-20,-24.90625,-26.625,-25.25,-19.6,-37.267857142857146,-41.63636363636363,-30.88888888888889,-24.0,-50.0,-22.953846153846154,-19.046511627906977,-32.2,-14.8125,-29.844444444444445,-28.943181818181817,-38.31707317073171,-21.358490566037737,-24.7,-26.389830508474578,-37.88235294117647,-25.6,-34.333333333333336,-41.1025641025641,-39.25,-20.07936507936508,-15.989010989010989,-34.10344827586207,-33.43589743589744,-36.30769230769231,-32.72727272727273,-33.04545454545455,-26.379310344827587,-33.403225806451616,-21.50526315789474,-42.23529411764706,-30.943181818181817,-19.365079365079364,-26.08823529411765,-36.03076923076923,-32.5,-21.456521739130434,-24.44,-20.78409090909091,-23.15897435897436,-26.833333333333332,-43.15384615384615,-23.139344262295083,-27.735294117647058,-28.348837209302324,-42.708333333333336,-40.61904761904762
2020-03-21,-28.78688524590164,-31.875,-33.8,-25.278688524590162,-45.357142857142854,-43.5,-37.22222222222222,-34.0,-60.0,-32.13636363636363,-21.825396825396826,-42.4,-19.580645161290324,-42.8876404494382,-34.9080459770115,-42.743589743589745,-30.26,-28.818181818181817,-29.839285714285715,-40.1764705882353,-34.92,-43.13333333333333,-41.9625,-46.80281690140845,-24.78688524590164,-25.586206896551722,-43.03846153846154,-32.729729729729726,-40.666666666666664,-37.09090909090909,-39.40909090909091,-32.964285714285715,-38.903225806451616,-26.6,-47.9375,-39.26136363636363,-23.71186440677966,-29.96875,-44.89230769230769,-37.666666666666664,-24.68888888888889,-28.0,-20.470588235294116,-33.246073298429316,-27.583333333333332,-47.15384615384615,-30.672268907563026,-35.114285714285714,-31.68421052631579,-48.375,-40.0
2020-03-22,-35.333333333333336,-30.0,-34.13333333333333,-34.91803278688525,-45.30357142857143,-41.4390243902439,-41.77777777777778,-37.0,-60.0,-36.01587301587302,-31.885245901639344,-45.0,-14.91304347826087,-58.01204819277108,-41.735632183908045,-44.16923076923077,-30.48780487804878,-32.54761904761905,-28.636363636363637,-33.705882352941174,-38.4,-47.07142857142857,-41.08108108108108,-45.53846153846154,-33.85964912280702,-31.536585365853657,-43.0,-34.12903225806452,-39.916666666666664,-39.36363636363637,-56.27272727272727,-31.642857142857142,-42.306451612903224,-34.92391304347826,-43.42857142857143,-31.655172413793103,-29.0,-28.17241379310345,-42.28125,-41.333333333333336,-35.41860465116279,-29.294117647058822,-27.469135802469136,-34.21857923497268,-24.904761904761905,-49.53846153846154,-32.91818181818182,-32.35294117647059,-35.361111111111114,-48.40909090909091,-38.3125
2020-03-23,-28.982758620689655,-33.5,-32.6875,-25.11111111111111,-38.660714285714285,-34.02272727272727,-46.333333333333336,-30.0,-59.0,-30.78125,-26.928,-41.6,-19.4,-43.654761904761905,-26.558139534883722,-40.921052631578945,-25.645833333333332,-26.413793103448278,-26.771929824561404,-35.470588235294116,-34.0,-41.2,-27.0,-35.875,-26.033333333333335,-27.764705882352942,-35.130434782608695,-24.0,-33.54545454545455,-36.18181818181818,-54.95454545454545,-24.925925925925927,-53.41935483870968,-28.127659574468087,-36.3125,-28.850574712643677,-23.370967741935484,-32.375,-45.90769230769231,-41.833333333333336,-30.8,-22.444444444444443,-28.188235294117646,-25.45212765957447,-26.041666666666668,-45.07692307692308,-30.593220338983052,-31.58823529411765,-30.435897435897434,-33.94202898550725,-28.789473684210527
2020-03-24,-27.383333333333333,-34.25,-33.0625,-25.796875,-40.785714285714285,-36.6,-42.22222222222222,-41.0,-55.0,-32.578125,-30.8015873015873,-45.0,-21.93548387096774,-43.593023255813954,-32.53488372093023,-42.171052631578945,-27.612244897959183,-34.19318181818182,-35.87931034482759,-42.294117647058826,-36.92,-49.5,-55.83783783783784,-39.521126760563384,-26.45762711864407,-34.28735632183908,-39.43478260869565,-27.34285714285714,-34.54545454545455,-40.36363636363637,-44.18181818181818,-34.592592592592595,-44.935483870967744,-27.189473684210526,-42.470588235294116,-48.64367816091954,-18.557377049180328,-43.03030303030303,-40.34375,-39.166666666666664,-34.422222222222224,-28.3,-35.395348837209305,-23.085561497326204,-27.541666666666668,-45.84615384615385,-26.620689655172413,-37.17142857142857,-34.23076923076923,-45.029411764705884,-35.85
2020-03-25,-22.71186440677966,-41.625,-33.0,-19.765625,-41.482142857142854,-34.79545454545455,-45.111111111111114,-47.0,-61.0,-32.671875,-28.22222222222222,-54.6,-24.363636363636363,-37.92941176470588,-43.55813953488372,-39.88607594936709,-23.88,-27.88888888888889,-31.31578947368421,-37.705882352941174,-42.88,-52.785714285714285,-50.733333333333334,-35.041666666666664,-21.982758620689655,-22.761904761904763,-41.666666666666664,-24.272727272727273,-36.18181818181818,-35.45454545454545,-50.0,-38.142857142857146,-44.903225806451616,-25.589473684210525,-40.470588235294116,-40.5632183908046,-13.482758620689655,-41.0,-43.83076923076923,-43.833333333333336,-27.6,-41.23809523809524,-24.611764705882354,-23.010928961748633,-28.52173913043478,-39.46153846153846,-36.94915254237288,-40.1764705882353,-45.0,-51.48529411764706,-37.25
2020-03-26,-24.4,-40.125,-36.4375,-17.359375,-40.107142857142854,-50.09090909090909,-39.333333333333336,-36.75,-58.0,-34.234375,-28.73015873015873,-56.2,-39.61764705882353,-39.40229885057471,-41.241379310344826,-41.142857142857146,-31.264150943396228,-25.741573033707866,-30.87719298245614,-37.88235294117647,-34.72,-48.285714285714285,-52.9078947368421,-36.06944444444444,-21.383333333333333,-26.953488372093023,-39.0,-30.45945945945946,-37.09090909090909,-31.454545454545453,-44.27272727272727,-40.857142857142854,-40.16129032258065,-28.6,-40.05882352941177,-37.88505747126437,-19.866666666666667,-42.303030303030305,-38.676923076923075,-37.5,-28.82608695652174,-38.17391304347826,-21.03488372093023,-26.258064516129032,-30.291666666666668,-53.84615384615385,-31.831932773109244,-45.470588235294116,-37.87179487179487,-49.94202898550725,-38.6
2020-03-27,-27.53125,-40.5,-39.5625,-22.296875,-43.29824561403509,-53.41860465116279,-40.666666666666664,-39.25,-59.0,-36.89230769230769,-30.861538461538462,-55.8,-42.44117647058823,-41.142857142857146,-42.96590909090909,-40.23456790123457,-32.472727272727276,-28.78021978021978,-34.271186440677965,-44.11764705882353,-38.48,-48.357142857142854,-54.44871794871795,-36.373333333333335,-26.1875,-28.813186813186814,-40.41379310344828,-30.55263157894737,-39.5,-35.81818181818182,-46.81818181818182,-43.06896551724138,-43.806451612903224,-29.302083333333332,-38.94444444444444,-43.31460674157304,-26.56451612903226,-46.36363636363637,-41.69230769230769,-38.666666666666664,-27.76086956521739,-35.458333333333336,-24.556818181818183,-31.68877551020408,-35.416666666666664,-55.61538461538461,-34.31147540983606,-48.0,-41.333333333333336,-50.098591549295776,-42.904761904761905
2020-03-28,-29.866666666666667,-46.75,-40.53333333333333,-31.112903225806452,-49.089285714285715,-58.04545454545455,-47.0,-50.0,-68.0,-39.38461538461539,-31.357142857142858,-60.8,-42.6764705882353,-45.98863636363637,-45.0919540229885,-47.64935064935065,-35.62,-24.93103448275862,-37.12280701754386,-43.470588235294116,-47.56,-53.785714285714285,-59.97402597402598,-62.80882352941177,-28.2,-35.08045977011494,-58.916666666666664,-41.7027027027027,-40.90909090909091,-48.81818181818182,-57.63636363636363,-43.07142857142857,-50.516129032258064,-29.53684210526316,-42.705882352941174,-45.26136363636363,-27.483333333333334,-51.1875,-53.55384615384615,-45.0,-27.955555555555556,-44.22727272727273,-22.80722891566265,-35.70899470899471,-36.458333333333336,-60.23076923076923,-34.29661016949152,-52.542857142857144,-36.78947368421053,-58.4,-44.57142857142857
2020-03-29,-35.85454545454545,-50.125,-38.8,-20.033333333333335,-47.857142857142854,-51.30952380952381,-55.0,-46.5,-64.0,-41.274193548387096,-35.295081967213115,-60.6,-38.0,-41.694117647058825,-43.89772727272727,-38.73015873015873,-26.69047619047619,-26.50602409638554,-33.14545454545455,-46.11764705882353,-42.8,-58.38461538461539,-54.87671232876713,-53.903225806451616,-26.428571428571427,-25.82716049382716,-54.23809523809524,-26.419354838709676,-41.0,-56.27272727272727,-56.36363636363637,-41.86206896551724,-48.66129032258065,-31.46153846153846,-37.214285714285715,-37.75581395348837,-26.357142857142858,-46.55172413793103,-45.390625,-56.666666666666664,-32.395348837209305,-30.235294117647058,-23.11111111111111,-34.8021978021978,-36.23809523809524,-63.84615384615385,-32.63636363636363,-45.1764705882353,-32.44444444444444,-54.63076923076923,-37.46666666666667
2020-03-30,-29.55,-41.625,-34.8125,-25.693548387096776,-39.410714285714285,-44.023809523809526,-41.666666666666664,-35.25,-57.0,-35.3125,-27.432,-53.0,-36.25,-32.024096385542165,-34.89411764705882,-32.66216216216216,-38.55102040816327,-25.906976744186046,-33.5,-46.1764705882353,-22.8,-48.92857142857143,-49.80263157894737,-40.53521126760563,-24.45762711864407,-28.214285714285715,-44.608695652173914,-26.424242424242426,-35.36363636363637,-40.54545454545455,-46.22727272727273,-36.851851851851855,-43.32258064516129,-27.04255319148936,-37.5,-37.172413793103445,-31.225806451612904,-41.12903225806452,-40.484375,-44.5,-24.25,-32.526315789473685,-22.867469879518072,-32.716577540106954,-29.541666666666668,-52.53846153846154,-28.836206896551722,-42.44117647058823,-29.615384615384617,-41.76470588235294,-33.15
2020-03-31,-33.60655737704918,-37.375,-35.875,-23.171875,-37.535714285714285,-40.34090909090909,-40.0,-38.0,-61.0,-35.53125,-32.22222222222222,-52.6,-39.26470588235294,-37.88235294117647,-39.30232558139535,-36.80769230769231,-31.68,-32.26966292134831,-30.862068965517242,-36.705882352941174,-47.4,-47.07142857142857,-48.96,-41.93150684931507,-22.93103448275862,-25.195402298850574,-46.45454545454545,-24.484848484848484,-34.36363636363637,-36.36363636363637,-46.54545454545455,-30.928571428571427,-42.03225806451613,-37.54736842105263,-40.9375,-37.0919540229885,-22.114754098360656,-37.96774193548387,-39.65625,-41.0,-28.644444444444446,-32.9,-30.930232558139537,-26.3048128342246,-28.833333333333332,-48.30769230769231,-36.99159663865546,-39.74285714285714,-35.97435897435897,-44.08955223880597,-33.0
2020-04-01,-19.406779661016948,-36.375,-36.6,-12.90625,-35.625,-39.72093023255814,-38.666666666666664,-35.5,-58.0,-27.6875,-22.341269841269842,-52.6,-35.857142857142854,-32.07142857142857,-34.632183908045974,-33.47435897435897,-28.306122448979593,-22.9,-21.736842105263158,-29.235294117647058,-41.76,-46.857142857142854,-44.38157894736842,-39.49315068493151,-9.368421052631579,-17.04705882352941,-51.458333333333336,-22.454545454545453,-32.45454545454545,-36.0,-44.04545454545455,-30.0,-37.75806451612903,-33.98947368421052,-42.75,-33.96551724137931,-13.586206896551724,-34.1875,-37.215384615384615,-42.333333333333336,-25.155555555555555,-33.333333333333336,-22.647058823529413,-23.608695652173914,-29.608695652173914,-48.53846153846154,-34.03389830508475,-34.588235294117645,-32.5,-41.5,-38.05
2020-04-02,-25.516666666666666,-41.75,-39.125,-18.634920634920636,-37.285714285714285,-46.19047619047619,-42.111111111111114,-35.75,-61.0,-31.828125,-21.658730158730158,-54.0,-38.77142857142857,-36.51136363636363,-32.895348837209305,-40.75609756097561,-38.9811320754717,-26.584269662921347,-30.310344827586206,-55.470588235294116,-40.56,-50.357142857142854,-43.05194805194805,-45.32394366197183,-16.466666666666665,-26.53488372093023,-51.041666666666664,-39.6,-35.45454545454545,-42.09090909090909,-48.18181818181818,-33.57142857142857,-41.016129032258064,-33.27368421052632,-55.25,-32.01149425287356,-23.311475409836067,-38.81818181818182,-41.98461538461538,-45.0,-28.113636363636363,-53.666666666666664,-25.46511627906977,-31.629032258064516,-34.041666666666664,-54.53846153846154,-34.51260504201681,-39.529411764705884,-33.53846153846154,-42.68115942028985,-47.75
2020-04-03,-24.578125,-41.125,-39.4375,-23.0,-39.375,-47.47727272727273,-45.888888888888886,-39.25,-60.0,-42.69230769230769,-33.4453125,-52.6,-36.861111111111114,-36.06741573033708,-32.59090909090909,-42.164556962025316,-41.56363636363636,-24.23913043478261,-30.551724137931036,-52.294117647058826,-40.04,-55.214285714285715,-46.51282051282051,-49.945205479452056,-23.453125,-27.615384615384617,-46.58620689655172,-36.85,-39.76923076923077,-44.72727272727273,-59.77272727272727,-34.62068965517241,-45.983870967741936,-30.520833333333332,-46.75,-32.28409090909091,-31.095238095238095,-38.35294117647059,-43.52307692307692,-50.0,-26.73913043478261,-43.52,-30.522727272727273,-37.47959183673469,-31.291666666666668,-54.76923076923077,-33.27049180327869,-41.25714285714286,-31.125,-48.361111111111114,-38.4
2020-04-04,-34.88333333333333,-42.875,-43.0,-34.87096774193548,-50.232142857142854,-50.25581395348837,-46.111111111111114,-46.75,-67.0,-46.738461538461536,-47.2421875,-58.8,-42.64705882352941,-44.84090909090909,-42.08139534883721,-42.151898734177216,-44.38,-26.022727272727273,-41.24561403508772,-53.0,-47.44,-54.214285714285715,-56.63636363636363,-47.901408450704224,-44.76190476190476,-38.81609195402299,-51.30769230769231,-37.55555555555556,-44.72727272727273,-46.63636363636363,-61.86363636363637,-40.785714285714285,-46.37096774193548,-35.810526315789474,-47.0625,-36.59770114942529,-38.333333333333336,-47.645161290322584,-49.50769230769231,-50.833333333333336,-32.888888888888886,-42.19047619047619,-33.11764705882353,-46.654450261780106,-40.96,-59.46153846153846,-37.42372881355932,-47.885714285714286,-35.68421052631579,-51.478873239436616,-42.80952380952381
2020-04-05,-47.29824561403509,-41.5,-42.13333333333333,-30.39344262295082,-54.163636363636364,-46.48780487804878,-48.77777777777778,-46.25,-66.0,-52.523809523809526,-47.611570247933884,-59.2,-34.95454545454545,-40.583333333333336,-41.0,-34.71875,-38.4390243902439,-28.695121951219512,-34.32727272727273,-47.0,-44.92,-51.84615384615385,-48.28767123287671,-41.28787878787879,-40.421052631578945,-34.123456790123456,-48.9,-34.38709677419355,-44.2,-46.27272727272727,-63.59090909090909,-39.172413793103445,-44.62903225806452,-37.516129032258064,-45.714285714285715,-39.47126436781609,-33.125,-42.6551724137931,-45.714285714285715,-50.666666666666664,-37.53488372093023,-36.529411764705884,-33.617283950617285,-42.76502732240437,-38.04761904761905,-60.0,-37.554545454545455,-42.64705882352941,-35.47222222222222,-45.927536231884055,-39.625
2020-04-06,-36.61764705882353,-36.4,-38.214285714285715,-28.863636363636363,-41.58695652173913,-42.95,-37.22222222222222,-36.5,-60.0,-44.916666666666664,-37.25806451612903,-54.6,-34.72727272727273,-39.78947368421053,-34.52173913043478,-39.21052631578947,-38.2,-33.758620689655174,-39.15384615384615,-38.916666666666664,-39.65,-41.46153846153846,-47.04761904761905,-41.233333333333334,-36.523809523809526,-43.44117647058823,-38.0,-33.0,-39.125,-34.6,-55.68181818181818,-32.2,-40.708333333333336,-30.742424242424242,-39.285714285714285,-33.75409836065574,-30.666666666666668,-36.40909090909091,-40.479166666666664,-39.6,-30.0,-32.42857142857143,-31.214285714285715,-36.739583333333336,-34.45454545454545,-47.0,-36.30508474576271,-34.26923076923077,-37.23076923076923,-43.24324324324324,-31.666666666666668
2020-04-07,-37.23529411764706,-36.6,-38.0,-28.90909090909091,-40.62222222222222,-43.2,-39.55555555555556,-37.5,-63.0,-43.958333333333336,-36.96666666666667,-54.4,-33.36363636363637,-36.45,-33.297872340425535,-37.36842105263158,-33.36842105263158,-33.142857142857146,-39.370370370370374,-40.416666666666664,-40.6,-44.0,-49.372093023255815,-38.833333333333336,-38.142857142857146,-37.77142857142857,-37.375,-31.833333333333332,-37.875,-35.7,-54.40909090909091,-32.785714285714285,-47.75,-32.196969696969695,-39.142857142857146,-36.666666666666664,-28.666666666666668,-34.86363636363637,-41.08163265306123,-40.0,-34.25,-30.857142857142858,-31.976190476190474,-34.21649484536083,-33.09090909090909,-49.0,-35.220338983050844,-34.88461538461539,-37.785714285714285,-40.729729729729726,-30.75
2020-04-08,-35.02857142857143,-35.6,-39.266666666666666,-25.272727272727273,-42.266666666666666,-44.1,-44.0,-36.25,-62.0,-43.583333333333336,-36.193548387096776,-55.6,-32.09090909090909,-38.475,-33.875,-38.75,-31.894736842105264,-34.3448275862069,-37.23076923076923,-38.583333333333336,-38.7,-48.76923076923077,-45.43181818181818,-39.5,-34.714285714285715,-32.9375,-36.375,-33.416666666666664,-37.625,-38.4,-55.40909090909091,-34.0,-50.86274509803921,-31.37878787878788,-40.285714285714285,-31.546875,-23.275862068965516,-33.13636363636363,-40.53061224489796,-46.2,-39.3448275862069,-36.857142857142854,-30.976190476190474,-32.824742268041234,-31.181818181818183,-51.75,-36.81967213114754,-33.38461538461539,-40.214285714285715,-44.44736842105263,-30.625
2020-04-09,-32.457142857142856,-35.0,-36.6,-24.136363636363637,-42.65217391304348,-43.857142857142854,-47.111111111111114,-37.0,-64.0,-42.816326530612244,-33.3134328358209,-54.8,-30.5,-39.1219512195122,-35.08163265306123,-40.857142857142854,-37.04761904761905,-34.96774193548387,-34.32142857142857,-47.833333333333336,-40.4,-52.46153846153846,-48.44444444444444,-41.483870967741936,-33.59090909090909,-35.5,-34.875,-35.583333333333336,-38.25,-44.5,-58.22727272727273,-34.0,-53.07843137254902,-29.86764705882353,-38.142857142857146,-35.492537313432834,-25.933333333333334,-34.18181818181818,-42.56,-48.6,-35.689655172413794,-37.285714285714285,-28.068181818181817,-34.173469387755105,-32.27272727272727,-56.833333333333336,-35.622950819672134,-33.38461538461539,-38.357142857142854,-44.23076923076923,-30.625
2020-04-10,-31.76923076923077,-37.6,-39.4,-25.217391304347824,-42.770833333333336,-45.083333333333336,-43.333333333333336,-40.75,-65.0,-42.68518518518518,-34.24657534246575,-56.4,-34.92857142857143,-36.895833333333336,-37.285714285714285,-33.30434782608695,-33.61538461538461,-35.35897435897436,-42.42424242424242,-46.07692307692308,-42.09090909090909,-48.76923076923077,-54.611111111111114,-36.51282051282051,-33.61538461538461,-30.121951219512194,-37.888888888888886,-33.833333333333336,-37.22222222222222,-42.72727272727273,-59.45454545454545,-38.10526315789474,-55.44230769230769,-32.436619718309856,-38.125,-37.76712328767123,-25.914285714285715,-36.708333333333336,-46.857142857142854,-43.166666666666664,-34.774193548387096,-32.0,-31.365384615384617,-35.74038461538461,-34.84615384615385,-55.0,-37.32394366197183,-36.74074074074074,-42.0,-44.58536585365854,-35.2
2020-04-11,-35.80555555555556,-37.6,-46.4,-33.69565217391305,-45.775510204081634,-47.38461538461539,-42.333333333333336,-40.0,-69.0,-43.55769230769231,-36.7887323943662,-59.0,-39.142857142857146,-38.851063829787236,-37.660377358490564,-42.291666666666664,-37.88461538461539,-38.45945945945946,-40.6,-40.38461538461539,-41.13636363636363,-47.53846153846154,-54.372549019607845,-39.256410256410255,-37.84,-40.54761904761905,-54.0,-37.76923076923077,-37.333333333333336,-40.18181818181818,-57.95454545454545,-45.166666666666664,-50.31372549019608,-35.0,-46.375,-36.869565217391305,-31.970588235294116,-40.28,-43.82142857142857,-44.0,-38.310344827586206,-44.8,-32.35294117647059,-40.257425742574256,-37.92307692307692,-54.42857142857143,-36.65217391304348,-40.407407407407405,-41.125,-45.90243902439025,-45.2
